{
  "issue": "LOCAL-PERF-002",
  "revision": "3ca168b80ae6d7b25fe55784dde3ad24faff7be2",
  "patch": "families/regex-translate-cache/baseline/implementation.patch",
  "iterations_per_run": 100000000,
  "warmup_runs": 5, "measured_runs": 10,
  "slow_path": {"samples": [0.119541, 0.119969, 0.120877, 0.120989, 0.121530, 0.122594, 0.122777, 0.123007, 0.123168, 0.128758], "median": 0.122062, "mean": 0.122321, "stdev": 0.002596, "units": "seconds"},
  "fast_path": {"samples": [0.044202, 0.044405, 0.044616, 0.044740, 0.044767, 0.045006, 0.045088, 0.045216, 0.045277, 0.045288], "median": 0.044886, "mean": 0.044860, "stdev": 0.000377, "units": "seconds"},
  "speedup_median": 2.7194
}
